City_ID,City,Lat,Lng,Max Temp,Humidity,Cloudiness,Wind Speed,Country,Date
0,Tasiilaq,65.6145,-37.6368,17.73,94,100,7.7,GL,2022-01-17 13:42:12
1,Chukhloma,58.7525,42.6825,22.06,95,100,9.33,RU,2022-01-17 13:42:13
2,Busselton,-33.65,115.3333,76.05,47,10,17.09,AU,2022-01-17 13:42:14
3,Puerto Ayora,-0.7393,-90.3518,73.06,83,70,5.41,EC,2022-01-17 13:42:14
4,Isangel,-19.55,169.2667,77.18,75,74,9.86,VU,2022-01-17 13:42:15
5,Cidreira,-30.1811,-50.2056,82.78,71,100,5.53,BR,2022-01-17 13:42:16
6,Chuka,-0.3332,37.6459,68.95,77,94,1.39,KE,2022-01-17 13:42:17
7,Geraldton,-28.7667,114.6,73.81,78,40,17.27,AU,2022-01-17 13:42:18
8,Vaini,-21.2,-175.2,80.58,78,43,17.4,TO,2022-01-17 13:42:19
9,Toora-Khem,52.4675,96.11,7.21,97,100,1.21,RU,2022-01-17 13:42:19
10,Conceicao Do Araguaia,-8.2578,-49.2647,78.17,84,93,3.13,BR,2022-01-17 13:42:20
11,Hilo,19.7297,-155.09,68.25,83,0,6.91,US,2022-01-17 13:42:21
12,Lagoa,39.05,-27.9833,57.76,68,100,9.13,PT,2022-01-17 13:42:21
13,Kyabe,9.4515,18.9449,91.89,11,95,6.44,TD,2022-01-17 13:42:22
14,East London,-33.0153,27.9116,79.74,78,40,11.5,ZA,2022-01-17 13:42:22
15,Kapaa,22.0752,-159.319,69.78,75,100,1.01,US,2022-01-17 13:42:23
16,Khatanga,71.9667,102.5,-21.05,95,10,4.76,RU,2022-01-17 13:42:24
17,Kodiak,57.79,-152.4072,20.71,79,0,5.75,US,2022-01-17 13:42:24
18,Bengkulu,-3.8004,102.2655,78.35,85,100,3.38,ID,2022-01-17 13:42:25
19,Coffs Harbour,-30.3,153.1333,77.13,85,40,9.22,AU,2022-01-17 13:42:27
20,Fortuna,40.5982,-124.1573,40.12,100,0,0.0,US,2022-01-17 13:42:27
21,Bluff,-46.6,168.3333,60.8,87,5,2.93,NZ,2022-01-17 13:42:28
22,Yicheng,31.3705,119.8703,45.81,73,100,7.81,CN,2022-01-17 13:42:29
23,Longyearbyen,78.2186,15.6401,6.64,66,75,10.36,SJ,2022-01-17 13:42:30
24,Cabo San Lucas,22.8909,-109.9124,69.51,85,0,9.22,MX,2022-01-17 13:39:03
25,Punta Arenas,-53.15,-70.9167,48.31,43,40,18.41,CL,2022-01-17 13:40:13
26,Esperance,-33.8667,121.9,64.24,72,2,19.37,AU,2022-01-17 13:42:31
27,High Rock,26.6208,-78.2833,64.42,65,99,23.64,BS,2022-01-17 13:42:32
28,Albany,42.6001,-73.9662,37.27,90,99,1.01,US,2022-01-17 13:42:33
29,Novo Oriente,-5.5344,-40.7742,87.75,45,2,7.29,BR,2022-01-17 13:42:33
30,Qaanaaq,77.484,-69.3632,-12.98,55,0,9.48,GL,2022-01-17 13:42:34
31,Chuy,-33.6971,-53.4616,82.18,66,59,11.34,UY,2022-01-17 13:42:35
32,Barrow,71.2906,-156.7887,-9.38,70,100,12.66,US,2022-01-17 13:42:36
33,Hobart,-42.8794,147.3294,60.66,55,58,8.05,AU,2022-01-17 13:42:37
34,Butaritari,3.0707,172.7902,82.11,77,48,16.33,KI,2022-01-17 13:42:37
35,Raudeberg,61.9875,5.1352,36.27,78,100,1.99,NO,2022-01-17 13:42:38
36,Tuktoyaktuk,69.4541,-133.0374,-31.18,99,74,7.07,CA,2022-01-17 13:42:39
37,Dikson,73.5069,80.5464,9.07,89,100,7.0,RU,2022-01-17 13:42:39
38,Lubango,-14.9172,13.4925,82.26,17,40,11.5,AO,2022-01-17 13:42:40
39,Chapais,49.7834,-74.8492,-2.42,90,100,2.95,CA,2022-01-17 13:42:41
40,Cape Town,-33.9258,18.4232,81.1,46,0,19.57,ZA,2022-01-17 13:41:10
41,Faya,18.3851,42.4509,62.71,68,27,10.38,SA,2022-01-17 13:42:42
42,Sorland,67.667,12.6934,30.27,66,100,25.52,NO,2022-01-17 13:42:43
43,Vila Franca Do Campo,37.7167,-25.4333,65.19,84,52,8.66,PT,2022-01-17 13:42:44
44,Uruzgan,32.8333,66.0,38.66,93,70,3.91,AF,2022-01-17 13:42:44
45,Ushuaia,-54.8,-68.3,44.22,70,75,27.63,AR,2022-01-17 13:41:58
46,Lebu,-37.6167,-73.65,55.99,56,17,9.44,CL,2022-01-17 13:42:46
47,Saskylakh,71.9167,114.0833,-14.84,94,98,14.9,RU,2022-01-17 13:42:47
48,Jamestown,42.097,-79.2353,26.29,70,100,7.0,US,2022-01-17 13:39:32
49,Mahebourg,-20.4081,57.7,88.09,70,40,5.75,MU,2022-01-17 13:42:48
50,Yellowknife,62.456,-114.3525,-14.58,78,100,9.22,CA,2022-01-17 13:39:00
51,Guerrero Negro,27.9769,-114.0611,60.91,87,7,8.59,MX,2022-01-17 13:42:49
52,Kununurra,-15.7667,128.7333,82.38,83,96,6.91,AU,2022-01-17 13:42:49
53,Ahvaz,31.3203,48.6693,62.55,59,75,4.61,IR,2022-01-17 13:42:50
54,Port Elizabeth,-33.918,25.5701,79.11,74,44,10.54,ZA,2022-01-17 13:42:51
55,Narsaq,60.9167,-46.05,28.62,94,100,9.91,GL,2022-01-17 13:42:52
56,Sao Filipe,14.8961,-24.4956,72.54,72,0,7.54,CV,2022-01-17 13:42:52
57,Cassilandia,-19.1133,-51.7342,84.69,54,98,8.05,BR,2022-01-17 13:42:53
58,Mataura,-46.1927,168.8643,60.48,89,0,1.57,NZ,2022-01-17 13:42:53
59,Chokurdakh,70.6333,147.9167,-44.19,100,80,5.64,RU,2022-01-17 13:42:54
60,Castro,-24.7911,-50.0119,74.28,72,97,9.75,BR,2022-01-17 13:42:55
61,Iqaluit,63.7506,-68.5145,-7.31,76,100,3.0,CA,2022-01-17 13:42:13
62,Rikitea,-23.1203,-134.9692,76.89,72,92,10.83,PF,2022-01-17 13:42:56
63,Pisco,-13.7,-76.2167,70.02,91,46,3.91,PE,2022-01-17 13:42:57
64,Tezu,27.9167,96.1667,57.79,52,0,4.47,IN,2022-01-17 13:42:58
65,Labuhan,-6.8844,112.2051,79.72,86,100,9.35,ID,2022-01-17 13:42:58
66,Mayo,38.8876,-76.5119,37.74,87,100,3.0,US,2022-01-17 13:42:59
67,Sitka,57.0531,-135.33,37.29,75,100,5.75,US,2022-01-17 13:43:00
68,Coaldale,49.7167,-112.6185,47.88,53,75,27.63,CA,2022-01-17 13:39:00
69,Cherskiy,68.75,161.3,-43.98,100,48,3.65,RU,2022-01-17 13:43:01
70,Thompson,55.7435,-97.8558,-25.44,68,0,6.91,CA,2022-01-17 13:43:01
71,Ambunti,-4.2365,142.8448,74.12,99,100,1.05,PG,2022-01-17 13:43:02
72,Caluquembe,-13.7833,14.6833,76.8,37,88,9.4,AO,2022-01-17 13:43:03
73,Riyadh,24.6877,46.7219,69.94,31,3,7.49,SA,2022-01-17 13:43:04
74,Rajpur,22.3,74.35,72.36,39,2,4.07,IN,2022-01-17 13:43:04
75,Tambun,-6.2641,107.0712,84.24,74,40,5.75,ID,2022-01-17 13:43:05
76,Hithadhoo,-0.6,73.0833,83.26,74,100,13.29,MV,2022-01-17 13:43:06
77,Sinnamary,5.3833,-52.95,79.75,75,59,10.78,GF,2022-01-17 13:43:06
78,Priverno,41.4691,13.1856,60.53,64,0,1.77,IT,2022-01-17 13:43:07
79,Arraial Do Cabo,-22.9661,-42.0278,85.86,66,0,18.41,BR,2022-01-17 13:43:08
80,Souillac,-20.5167,57.5167,88.18,70,40,5.75,MU,2022-01-17 13:43:08
81,Natal,-5.795,-35.2094,86.65,66,40,16.11,BR,2022-01-17 13:40:42
82,Agaro,7.85,36.65,64.53,89,100,2.66,ET,2022-01-17 13:43:09
83,Saint-Pierre,-21.3393,55.4781,85.68,75,75,9.22,RE,2022-01-17 13:43:10
84,Port Alfred,-33.5906,26.891,73.98,88,98,8.37,ZA,2022-01-17 13:43:11
85,Prince Rupert,54.3161,-130.3201,40.69,91,75,2.3,CA,2022-01-17 13:43:12
86,Port Blair,11.6667,92.75,79.07,72,39,9.22,IN,2022-01-17 13:43:13
87,Batavia,41.85,-88.3126,24.78,78,100,3.0,US,2022-01-17 13:43:13
88,Provideniya,64.3833,-173.3,-8.95,90,8,7.96,RU,2022-01-17 13:43:14
89,Mar Del Plata,-38.0023,-57.5575,68.02,50,0,17.0,AR,2022-01-17 13:43:15
90,Atuona,-9.8,-139.0333,78.53,75,100,18.39,PF,2022-01-17 13:43:15
91,Bathsheba,13.2167,-59.5167,75.81,88,75,18.41,BB,2022-01-17 13:43:16
92,Bethel,41.3712,-73.414,45.19,91,100,3.0,US,2022-01-17 13:43:17
93,Faanui,-16.4833,-151.75,76.91,89,100,11.54,PF,2022-01-17 13:43:18
94,Atar,20.5169,-13.0499,81.32,10,37,21.14,MR,2022-01-17 13:43:18
95,Gobabis,-22.45,18.9667,86.61,29,74,7.63,NA,2022-01-17 13:43:19
96,Pevek,69.7008,170.3133,-28.32,100,24,2.35,RU,2022-01-17 13:43:20
97,Georgetown,5.4112,100.3354,85.95,66,40,1.01,MY,2022-01-17 13:43:20
98,Lata,40.1629,-8.3327,60.93,42,4,4.9,PT,2022-01-17 13:43:21
99,Ribeira Grande,38.5167,-28.7,59.4,63,75,5.75,PT,2022-01-17 13:43:22
100,Ode,7.7899,5.7117,92.5,11,91,6.04,NG,2022-01-17 13:43:22
101,Manado,1.487,124.8455,75.97,94,40,1.14,ID,2022-01-17 13:43:23
102,Kavaratti,10.5669,72.642,80.65,71,89,12.41,IN,2022-01-17 13:43:24
103,Adrar,20.5022,-10.0711,73.08,10,14,14.79,MR,2022-01-17 13:43:24
104,Avarua,-21.2078,-159.775,78.85,89,75,13.8,CK,2022-01-17 13:43:25
105,Bredasdorp,-34.5322,20.0403,84.27,51,6,16.33,ZA,2022-01-17 13:43:26
106,Boueni,-12.9025,45.0761,80.58,75,100,15.86,YT,2022-01-17 13:43:26
107,Port Hueneme,34.1478,-119.1951,61.18,68,20,0.0,US,2022-01-17 13:43:28
108,Abrau-Dyurso,44.69,37.59,42.26,68,100,24.14,RU,2022-01-17 13:43:28
109,Ginda,30.6945,78.4932,46.9,66,98,4.7,IN,2022-01-17 13:43:29
110,Yankton,42.8711,-97.3973,26.85,93,75,4.61,US,2022-01-17 13:41:45
111,Roma,43.2128,-75.4557,33.82,88,100,8.05,US,2022-01-17 13:42:03
112,Saint-Philippe,-21.3585,55.7679,85.59,85,100,1.48,RE,2022-01-17 13:43:30
113,Half Moon Bay,37.4636,-122.4286,56.62,79,100,0.0,US,2022-01-17 13:43:31
114,Touros,-5.1989,-35.4608,86.9,56,76,14.7,BR,2022-01-17 13:43:32
115,Helong,42.5397,128.9972,1.08,78,9,7.16,CN,2022-01-17 13:43:32
116,Olafsvik,64.8945,-23.7142,43.48,93,100,37.42,IS,2022-01-17 13:43:33
117,Grindavik,63.8424,-22.4338,43.27,93,100,31.07,IS,2022-01-17 13:43:34
118,Camopi,3.1655,-52.3158,83.12,65,45,4.59,GF,2022-01-17 13:43:35
119,Gamba,-2.65,10.0,79.54,78,61,8.16,GA,2022-01-17 13:43:35
120,Upernavik,72.7868,-56.1549,-2.78,96,100,7.07,GL,2022-01-17 13:43:36
121,Saint George,37.1041,-113.5841,30.79,80,0,0.0,US,2022-01-17 13:43:37
122,Talnakh,69.4865,88.3972,15.21,89,100,10.58,RU,2022-01-17 13:43:37
123,Eureka,40.8021,-124.1637,40.39,74,100,2.82,US,2022-01-17 13:43:38
124,Balikpapan,-1.2675,116.8289,81.59,83,40,11.5,ID,2022-01-17 13:43:39
125,New Norfolk,-42.7826,147.0587,60.3,59,42,3.22,AU,2022-01-17 13:43:40
126,Nikolskoye,59.7035,30.7861,28.4,82,100,11.7,RU,2022-01-17 13:43:40
127,Leshukonskoye,64.8989,45.7622,24.51,90,100,5.19,RU,2022-01-17 13:43:41
128,Vestmannaeyjar,63.4427,-20.2734,43.79,93,75,20.71,IS,2022-01-17 13:43:41
129,Muros,42.7762,-9.0603,61.3,66,100,3.36,ES,2022-01-17 13:43:42
130,Te Anau,-45.4167,167.7167,57.34,96,25,0.69,NZ,2022-01-17 13:43:43
131,Los Llanos De Aridane,28.6585,-17.9182,62.35,88,75,24.16,ES,2022-01-17 13:43:44
132,Laguna,38.421,-121.4238,52.02,97,100,0.0,US,2022-01-17 13:39:51
133,San Ramon,37.7799,-121.978,54.99,76,75,4.61,US,2022-01-17 13:43:45
134,Bani Walid,31.7566,13.9942,56.43,61,100,15.93,LY,2022-01-17 13:43:46
135,Gboko,7.3179,8.9951,93.67,11,100,6.26,NG,2022-01-17 13:43:47
136,Victoria,22.2855,114.1577,65.32,84,88,8.99,HK,2022-01-17 13:39:47
137,Coihaique,-45.5752,-72.0662,46.35,66,20,3.44,CL,2022-01-17 13:41:40
138,Cururupu,-1.8283,-44.8683,84.94,69,66,5.37,BR,2022-01-17 13:43:48
139,Broken Hill,-31.95,141.4333,65.91,82,100,8.05,AU,2022-01-17 13:43:49
140,Kutum,14.2,24.6667,75.31,17,3,9.48,SD,2022-01-17 13:43:50
141,Guajara,-2.9667,-57.6667,82.67,72,100,3.83,BR,2022-01-17 13:43:50
142,Chicama,-7.8447,-79.1469,64.94,71,49,5.3,PE,2022-01-17 13:43:51
143,Maceio,-9.6658,-35.7353,87.24,62,40,9.22,BR,2022-01-17 13:43:52
144,Jiangyou,31.7667,104.7167,47.8,70,20,2.08,CN,2022-01-17 13:43:52
145,Nishihara,26.1842,127.7558,58.28,94,75,13.8,JP,2022-01-17 13:43:53
146,Limon,10.0,-83.0333,73.29,88,40,5.75,CR,2022-01-17 13:43:54
147,Buin,-33.7333,-70.75,67.05,58,100,4.16,CL,2022-01-17 13:43:55
148,Ponta Do Sol,32.6667,-17.1,66.83,63,100,14.74,PT,2022-01-17 13:43:55
149,Ancud,-41.8697,-73.8203,54.23,50,1,2.82,CL,2022-01-17 13:43:56
150,Terralba,39.7192,8.6392,59.04,63,3,10.8,IT,2022-01-17 13:43:57
151,Mareeba,-17.0,145.4333,77.43,92,100,0.51,AU,2022-01-17 13:43:57
152,Petropavlovsk-Kamchatskiy,53.0452,158.6483,10.99,57,0,8.95,RU,2022-01-17 13:42:56
153,Nouakchott,18.0858,-15.9785,85.93,29,16,12.66,MR,2022-01-17 13:43:59
154,Willowmore,-33.2926,23.4895,86.86,33,7,12.71,ZA,2022-01-17 13:43:59
155,Alenquer,-1.9417,-54.7383,82.74,62,50,2.64,BR,2022-01-17 13:44:00
156,Isilkul,54.9109,71.2728,14.76,88,100,17.74,RU,2022-01-17 13:44:00
157,Benjamin Hill,30.1667,-111.1,52.18,40,99,2.1,MX,2022-01-17 13:44:01
158,Lompoc,34.6391,-120.4579,62.13,80,100,4.61,US,2022-01-17 13:44:02
159,Changping,40.2186,116.2197,24.44,30,0,1.52,CN,2022-01-17 13:44:03
160,Vostok,46.4856,135.8833,-6.18,100,100,1.86,RU,2022-01-17 13:44:03
161,Ahuimanu,21.4447,-157.8378,70.45,86,0,4.61,US,2022-01-17 13:44:04
162,Ashqelon,31.6693,34.5715,53.92,48,6,10.71,IL,2022-01-17 13:44:05
163,Kaitangata,-46.2817,169.8464,55.67,97,18,1.36,NZ,2022-01-17 13:44:05
164,Sao Jose Da Coroa Grande,-8.8978,-35.1478,83.95,59,20,9.06,BR,2022-01-17 13:44:06
165,Dourados,-22.2211,-54.8056,95.63,26,14,14.67,BR,2022-01-17 13:44:07
166,Beringovskiy,63.05,179.3167,-16.85,92,30,14.63,RU,2022-01-17 13:44:07
167,Moa,20.6569,-74.9403,78.15,68,1,3.09,CU,2022-01-17 13:44:08
168,Cootamundra,-34.65,148.0333,70.95,61,100,2.59,AU,2022-01-17 13:44:09
169,Port Lincoln,-34.7333,135.8667,60.3,73,86,16.71,AU,2022-01-17 13:44:10
170,Yoichi,43.2039,140.7703,24.62,84,100,7.07,JP,2022-01-17 13:44:11
171,Naze,28.3667,129.4833,53.6,69,100,16.93,JP,2022-01-17 13:44:11
172,Wanning,18.8003,110.3967,69.78,88,62,11.52,CN,2022-01-17 13:44:12
173,Sabang,5.8933,95.3214,81.86,73,92,16.89,ID,2022-01-17 13:44:13
174,Clyde River,70.4692,-68.5914,-16.37,69,0,10.36,CA,2022-01-17 13:44:13
175,Upington,-28.4478,21.2561,93.58,33,20,6.91,ZA,2022-01-17 13:44:14
176,Povenets,62.8487,34.8262,20.84,87,100,12.35,RU,2022-01-17 13:44:15
177,Beyneu,45.3167,55.2,25.61,82,76,4.63,KZ,2022-01-17 13:44:16
178,Heihe,50.2441,127.4902,-10.61,94,93,7.61,CN,2022-01-17 13:44:16
179,Atasu,48.6814,71.6433,6.12,97,73,5.19,KZ,2022-01-17 13:44:17
180,Severo-Kurilsk,50.6789,156.125,25.38,66,100,10.83,RU,2022-01-17 13:44:18
181,Kaeo,-35.1,173.7833,61.32,87,20,4.97,NZ,2022-01-17 13:44:19
182,Agvali,42.5385,46.1197,14.59,79,1,7.94,RU,2022-01-17 13:44:19
183,Port Augusta,-32.5,137.7667,70.7,67,100,10.67,AU,2022-01-17 13:44:20
184,Caravelas,-17.7125,-39.2481,84.16,63,45,7.61,BR,2022-01-17 13:44:21
185,Vallenar,-28.5708,-70.7581,72.91,49,0,3.74,CL,2022-01-17 13:44:22
186,Cockburn Town,21.4612,-71.1419,77.85,79,28,15.59,TC,2022-01-17 13:41:29
187,Hermanus,-34.4187,19.2345,84.9,66,11,15.86,ZA,2022-01-17 13:44:23
188,Tilichiki,60.4667,166.1,-17.95,90,8,10.02,RU,2022-01-17 13:44:23
189,Korla,41.7597,86.1469,24.64,51,0,1.63,CN,2022-01-17 13:44:24
190,San Felipe,10.3399,-68.7425,74.52,88,100,4.56,VE,2022-01-17 13:44:25
191,Norman Wells,65.282,-126.8329,-47.16,66,20,0.0,CA,2022-01-17 13:44:26
192,Berlevag,70.8578,29.0864,26.55,68,40,32.21,NO,2022-01-17 13:44:26
193,Asau,46.4333,26.4,39.76,62,92,19.37,RO,2022-01-17 13:44:27
194,Raton,36.9034,-104.4391,30.58,61,0,5.75,US,2022-01-17 13:39:45
195,Herat,34.5,62.0,49.17,77,87,4.38,AF,2022-01-17 13:44:28
196,Cabedelo,-6.9811,-34.8339,83.07,66,98,12.59,BR,2022-01-17 13:44:29
197,Idar,49.7167,7.3,41.25,80,100,1.01,DE,2022-01-17 13:44:30
198,Puerto Baquerizo Moreno,-0.9,-89.6,72.27,87,100,6.35,EC,2022-01-17 13:40:08
199,Waverly,42.7392,-84.6208,24.89,80,100,11.5,US,2022-01-17 13:40:51
200,Causapscal,48.3542,-67.227,11.93,89,100,5.01,CA,2022-01-17 13:44:31
201,Tiksi,71.6872,128.8694,-23.73,98,70,7.67,RU,2022-01-17 13:44:32
202,Armidale,-30.5167,151.65,65.8,94,100,2.08,AU,2022-01-17 13:44:33
203,Vila Velha,-20.3297,-40.2925,84.15,61,40,11.5,BR,2022-01-17 13:43:36
204,Ondjiva,-17.0667,15.7333,88.5,14,70,14.99,AO,2022-01-17 13:44:34
205,Solnechnyy,50.7214,136.6319,3.99,91,100,8.72,RU,2022-01-17 13:44:35
206,Xiaoweizhai,26.1903,107.5125,43.93,94,100,2.84,CN,2022-01-17 13:44:36
207,Gat,31.61,34.7642,52.92,36,5,9.95,IL,2022-01-17 13:44:36
208,Ostrovnoy,68.0531,39.5131,23.16,91,100,17.34,RU,2022-01-17 13:44:37
209,Beloha,-25.1667,45.05,79.74,66,100,12.01,MG,2022-01-17 13:44:38
210,Poya,-21.35,165.15,75.54,82,7,5.28,NC,2022-01-17 13:44:38
211,Parchim,53.4263,11.8488,43.72,68,51,15.79,DE,2022-01-17 13:44:39
212,Zaozerne,45.1582,33.2787,43.95,73,100,27.67,UA,2022-01-17 13:44:40
213,Paamiut,61.994,-49.6678,17.62,88,100,11.54,GL,2022-01-17 13:44:40
214,Sao Joao Da Barra,-21.6403,-41.0511,86.09,80,2,14.99,BR,2022-01-17 13:44:41
215,Klaksvik,62.2266,-6.589,45.52,84,100,25.64,FO,2022-01-17 13:44:42
216,Athabasca,54.7169,-113.2854,29.89,97,100,2.19,CA,2022-01-17 13:44:42
217,Yerofey Pavlovich,53.9667,121.9667,-22.9,95,5,3.33,RU,2022-01-17 13:44:43
218,Padang,-0.9492,100.3543,78.93,86,100,1.83,ID,2022-01-17 13:44:44
219,Arlit,18.7369,7.3853,72.39,9,0,7.52,NE,2022-01-17 13:44:44
220,Saint Anthony,45.0205,-93.218,20.35,75,100,3.44,US,2022-01-17 13:44:45
221,Lipari,38.4674,14.954,59.54,66,93,11.77,IT,2022-01-17 13:44:46
222,Sfantu Gheorghe,45.8667,25.7833,36.57,57,100,18.97,RO,2022-01-17 13:43:48
223,Yenagoa,4.9247,6.2642,88.3,51,100,8.68,NG,2022-01-17 13:44:47
224,Coquimbo,-29.9533,-71.3436,65.93,72,0,3.44,CL,2022-01-17 13:44:48
225,Saurimo,-9.6608,20.3916,79.02,63,96,1.59,AO,2022-01-17 13:44:49
226,The Valley,18.217,-63.0578,82.09,73,40,13.8,AI,2022-01-17 13:44:49
227,Ugoofaaru,5.6667,73.0,82.29,73,56,14.32,MV,2022-01-17 13:44:50
228,Huimilpan,20.372,-100.2774,48.51,71,35,2.15,MX,2022-01-17 13:44:51
229,Mazatlan,23.2167,-106.4167,67.91,94,40,3.44,MX,2022-01-17 13:42:45
230,Wewak,-3.5534,143.6268,80.4,84,100,14.43,PG,2022-01-17 13:44:52
231,Shilovo,54.3204,40.874,27.37,95,100,18.48,RU,2022-01-17 13:44:52
232,Russell,32.3502,-85.1999,35.31,84,75,5.75,US,2022-01-17 13:44:53
233,Ihosy,-22.4,46.1167,79.7,61,100,4.94,MG,2022-01-17 13:44:54
234,Bambous Virieux,-20.3428,57.7575,88.05,70,40,5.75,MU,2022-01-17 13:44:54
235,Bubaque,11.2833,-15.8333,77.85,67,0,5.14,GW,2022-01-17 13:44:55
236,Axim,4.8699,-2.2405,85.91,60,40,10.56,GH,2022-01-17 13:44:56
237,High Level,58.5169,-117.136,-5.69,77,100,16.11,CA,2022-01-17 13:44:56
238,Henties Bay,-22.116,14.2845,72.86,71,69,10.69,NA,2022-01-17 13:44:57
239,Uarini,-2.99,-65.1083,78.75,66,92,0.72,BR,2022-01-17 13:44:58
240,Porto Walter,-8.2686,-72.7439,85.87,52,18,4.03,BR,2022-01-17 13:44:58
241,Zhukovka,53.534,33.728,32.27,97,100,15.66,RU,2022-01-17 13:44:59
242,Kruisfontein,-34.0033,24.7314,75.88,59,0,14.34,ZA,2022-01-17 13:45:00
243,Khandyga,62.6667,135.6,-45.06,100,78,0.2,RU,2022-01-17 13:45:00
244,Lavrentiya,65.5833,-171.0,-18.58,95,11,6.4,RU,2022-01-17 13:45:01
245,Pauri,30.15,78.7833,46.2,64,100,0.76,IN,2022-01-17 13:45:02
246,Ulaanbaatar,47.9077,106.8832,-3.87,71,40,2.24,MN,2022-01-17 13:45:02
247,Saldanha,-33.0117,17.9442,80.65,81,40,15.46,ZA,2022-01-17 13:45:03
248,Nanortalik,60.1432,-45.2371,28.81,93,100,9.66,GL,2022-01-17 13:45:04
249,Ilulissat,69.2167,-51.1,-17.19,94,30,6.29,GL,2022-01-17 13:45:05
250,Wangqing,43.3218,129.7634,-5.24,97,40,3.11,CN,2022-01-17 13:45:05
251,Kamaishi,39.2667,141.8833,28.74,61,5,8.41,JP,2022-01-17 13:45:06
252,Aloleng,16.1307,119.7824,76.26,74,89,9.13,PH,2022-01-17 13:45:07
253,Road Town,18.4167,-64.6167,82.44,78,20,10.36,VG,2022-01-17 13:45:08
254,College,64.8569,-147.8028,-3.53,84,75,0.0,US,2022-01-17 13:45:09
255,Cabra,37.4725,-4.4421,59.18,44,0,3.36,ES,2022-01-17 13:45:09
256,Ritchie,-29.038,24.6028,85.21,24,0,9.89,ZA,2022-01-17 13:45:10
257,Iskateley,67.6803,53.1512,2.12,87,100,15.1,RU,2022-01-17 13:45:11
258,Port Dover,42.7834,-80.1997,26.26,92,100,18.81,CA,2022-01-17 13:45:11
259,Bonavista,48.6499,-53.1147,26.11,67,6,12.06,CA,2022-01-17 13:45:12
260,Rawlins,41.7911,-107.2387,35.82,34,0,0.0,US,2022-01-17 13:45:13
261,Hambantota,6.1241,81.1185,82.74,69,20,6.91,LK,2022-01-17 13:45:13
262,Maniitsoq,65.4167,-52.9,9.59,76,77,16.33,GL,2022-01-17 13:45:14
263,Grand-Santi,4.25,-54.3833,84.07,58,19,4.79,GF,2022-01-17 13:45:15
264,Srednekolymsk,67.45,153.6833,-44.59,100,60,4.59,RU,2022-01-17 13:45:15
265,Nushki,29.5542,66.0215,61.25,43,99,5.55,PK,2022-01-17 13:44:37
266,Anchorage,61.2181,-149.9003,19.44,89,40,0.0,US,2022-01-17 13:44:23
267,Portree,57.4129,-6.1942,44.53,92,100,10.13,GB,2022-01-17 13:45:17
268,Pulsano,40.3821,17.3564,60.89,57,20,10.0,IT,2022-01-17 13:45:18
269,Miguel Hidalgo,19.4225,-99.2028,50.59,81,100,1.01,MX,2022-01-17 13:45:19
270,Haines Junction,60.7522,-137.5108,-6.48,100,28,3.49,CA,2022-01-17 13:45:20
271,Tawang,27.5833,91.8667,28.27,64,31,6.02,IN,2022-01-17 13:45:20
272,La Union,-5.4,-80.75,76.01,65,97,4.9,PE,2022-01-17 13:45:21
273,Ust-Karsk,52.7011,118.8077,-26.32,99,10,0.87,RU,2022-01-17 13:45:22
274,Puri,19.8,85.85,66.72,62,1,8.68,IN,2022-01-17 13:45:23
275,Syracuse,37.0881,15.2792,64.44,62,0,6.04,IT,2022-01-17 13:45:24
276,Kirksville,40.1948,-92.5833,24.06,88,0,4.0,US,2022-01-17 13:44:11
277,Chakan,18.75,73.85,75.58,39,23,3.87,IN,2022-01-17 13:45:25
278,Maumere,-8.6199,122.2111,80.1,83,100,6.4,ID,2022-01-17 13:45:25
279,Sambava,-14.2667,50.1667,84.72,76,100,8.72,MG,2022-01-17 13:45:26
280,Wagga Wagga,-35.1167,147.3667,72.84,94,100,8.05,AU,2022-01-17 13:45:27
281,Hay River,60.8156,-115.7999,-11.22,77,100,10.36,CA,2022-01-17 13:45:27
282,Kavieng,-2.5744,150.7967,82.26,76,71,5.79,PG,2022-01-17 13:45:28
283,North Platte,41.1239,-100.7654,19.29,86,0,4.61,US,2022-01-17 13:45:29
284,Sieradz,51.5958,18.7302,37.8,59,26,20.78,PL,2022-01-17 13:45:30
285,Santa Luzia,-19.7697,-43.8514,82.54,63,75,3.44,BR,2022-01-17 13:45:30
286,Hervey Bay,-25.2986,152.8535,78.04,81,100,11.3,AU,2022-01-17 13:44:57
287,Zeya,53.75,127.2667,-9.06,86,98,3.69,RU,2022-01-17 13:45:32
288,Ndele,8.4109,20.6473,94.15,12,91,5.84,CF,2022-01-17 13:45:33
289,Torbay,47.6666,-52.7314,25.57,77,1,5.01,CA,2022-01-17 13:45:19
290,Gwanda,-20.9333,29.0,80.89,47,100,10.42,ZW,2022-01-17 13:45:34
291,Hofn,64.2539,-15.2082,41.02,93,40,4.61,IS,2022-01-17 13:45:34
292,Bosaso,11.2842,49.1816,77.5,65,23,7.96,SO,2022-01-17 13:45:35
293,Akureyri,65.6835,-18.0878,46.33,57,75,29.93,IS,2022-01-17 13:45:36
294,Mandera,3.9366,41.867,97.43,25,23,7.67,KE,2022-01-17 13:45:36
295,Banjar,-8.19,114.9675,78.66,88,100,0.87,ID,2022-01-17 13:45:37
296,Monrovia,6.3005,-10.7969,86.22,60,14,10.51,LR,2022-01-17 13:45:38
297,Bambanglipuro,-7.95,110.2833,79.25,85,99,6.98,ID,2022-01-17 13:45:38
298,Murdochville,48.9583,-65.5006,5.88,61,100,5.86,CA,2022-01-17 13:45:39
299,Birobidzhan,48.8,132.95,5.2,94,100,4.5,RU,2022-01-17 13:45:40
300,Veraval,20.9,70.3667,73.36,67,6,7.94,IN,2022-01-17 13:45:40
301,Taoudenni,22.6783,-3.9836,73.11,14,0,14.25,ML,2022-01-17 13:45:41
302,Talara,-4.5772,-81.2719,74.16,78,0,8.61,PE,2022-01-17 13:45:42
303,Dubbo,-32.25,148.6167,77.13,61,75,12.66,AU,2022-01-17 13:41:31
304,Mufulira,-12.5498,28.2407,66.9,93,100,1.81,ZM,2022-01-17 13:45:43
305,Aklavik,68.2191,-135.0107,-24.77,98,97,12.55,CA,2022-01-17 13:45:44
306,Morondava,-20.2833,44.2833,85.1,69,65,12.17,MG,2022-01-17 13:45:44
307,Jadu,31.953,12.0261,49.28,57,60,6.33,LY,2022-01-17 13:45:45
308,Gorontalo,0.5412,123.0595,73.35,95,93,3.98,ID,2022-01-17 13:45:46
309,Bonthe,7.5264,-12.505,89.55,52,10,11.54,SL,2022-01-17 13:45:47
310,Moskovskiy,55.5991,37.355,26.67,88,75,13.0,RU,2022-01-17 13:45:48
311,Gisborne,-38.6533,178.0042,61.95,81,19,10.94,NZ,2022-01-17 13:45:49
312,Mujiayingzi,42.1167,118.7833,11.97,51,56,2.91,CN,2022-01-17 13:45:50
313,Buraydah,26.326,43.975,63.05,21,97,6.02,SA,2022-01-17 13:43:23
314,Selma,36.5708,-119.6121,47.93,59,93,2.77,US,2022-01-17 13:45:51
315,Tortoli,39.9256,9.6572,60.98,58,0,3.44,IT,2022-01-17 13:45:52
316,Ascoli Piceno,42.8548,13.5749,58.37,51,12,1.99,IT,2022-01-17 13:45:53
317,Camacha,33.0833,-16.3333,63.36,82,40,17.27,PT,2022-01-17 13:45:54
318,Ahipara,-35.1667,173.1667,63.46,84,11,8.61,NZ,2022-01-17 13:45:54
319,Aksu,41.1231,80.2644,30.2,40,92,4.07,CN,2022-01-17 13:45:55
320,Bay-Khaak,51.1667,94.5,-3.15,92,93,4.59,RU,2022-01-17 13:45:56
321,Townsville,-19.25,146.8,83.28,74,100,10.36,AU,2022-01-17 13:45:56
322,Muroto,33.2833,134.15,44.26,57,78,16.82,JP,2022-01-17 13:45:57
323,Gurupi,-11.7292,-49.0686,81.36,72,80,5.14,BR,2022-01-17 13:45:58
324,Kharan,28.5833,65.4167,63.7,45,93,2.48,PK,2022-01-17 13:45:59
325,Camargo,27.6667,-105.1667,45.86,23,34,4.61,MX,2022-01-17 13:46:00
326,Caxito,-8.5785,13.6643,83.05,47,100,10.8,AO,2022-01-17 13:46:01
327,Pangnirtung,66.1451,-65.7125,-13.0,70,75,2.3,CA,2022-01-17 13:46:02
328,Roald,62.5833,6.1333,37.99,75,75,12.66,NO,2022-01-17 13:46:03
329,Bandarbeyla,9.4942,50.8122,78.98,65,81,15.97,SO,2022-01-17 13:46:03
330,Maine-Soroa,13.2114,12.0241,78.51,13,4,10.38,NE,2022-01-17 13:46:04
331,Edd,13.9297,41.6925,82.71,68,82,14.9,ER,2022-01-17 13:46:05
332,Livingston,55.9029,-3.5226,47.48,82,20,13.8,GB,2022-01-17 13:46:06
333,Hasaki,35.7333,140.8333,39.6,70,99,9.08,JP,2022-01-17 13:46:06
334,Galiakot,23.5167,74.0,69.69,44,1,4.59,IN,2022-01-17 13:46:07
335,Pilar,-9.5972,-35.9567,85.93,45,69,10.47,BR,2022-01-17 13:46:08
336,Carnarvon,-24.8667,113.6333,77.07,78,20,20.71,AU,2022-01-17 13:46:08
337,Pandan,14.0453,124.1694,75.65,76,100,12.59,PH,2022-01-17 13:46:09
338,La Vista,41.1839,-96.0311,27.9,91,0,3.0,US,2022-01-17 13:46:10
339,Changli,39.7042,119.1506,24.85,43,0,1.74,CN,2022-01-17 13:46:11
340,Karratha,-20.7377,116.8463,81.55,73,27,13.06,AU,2022-01-17 13:46:12
341,Nuuk,64.1835,-51.7216,18.21,67,75,12.66,GL,2022-01-17 13:46:12
342,Nemuro,43.3236,145.575,31.23,94,100,16.75,JP,2022-01-17 13:46:13
343,Magadan,59.5667,150.8,-1.86,66,3,9.15,RU,2022-01-17 13:46:14
344,Mineiros,-17.5694,-52.5511,81.37,55,55,9.24,BR,2022-01-17 13:46:14
345,Keetmanshoop,-26.5833,18.1333,91.83,30,89,1.99,NA,2022-01-17 13:46:15
346,Olinda,-8.0089,-34.8553,85.73,62,75,13.8,BR,2022-01-17 13:46:16
347,Evensk,61.95,159.2333,6.8,57,0,13.02,RU,2022-01-17 13:46:18
348,Diamantino,-14.4086,-56.4461,85.53,57,8,7.74,BR,2022-01-17 13:43:36
349,Calmar,53.2668,-113.8187,33.3,93,100,5.75,CA,2022-01-17 13:46:19
350,Puerto Penasco,31.3167,-113.5333,61.54,53,85,5.7,MX,2022-01-17 13:46:19
351,Yar-Sale,66.8333,70.8333,13.21,96,100,7.47,RU,2022-01-17 13:46:20
352,Kemijarvi,66.7131,27.4306,18.9,74,93,15.39,FI,2022-01-17 13:46:21
353,Cholet,47.1667,-1.0,43.32,78,0,6.69,FR,2022-01-17 13:46:21
354,Salalah,17.0151,54.0924,78.89,61,20,9.22,OM,2022-01-17 13:46:22
355,Bartica,6.4,-58.6167,80.92,82,67,4.99,GY,2022-01-17 13:46:23
356,Airai,-8.9266,125.4092,62.1,92,100,1.52,TL,2022-01-17 13:46:23
357,Barra Da Estiva,-13.6261,-41.3269,75.31,58,4,6.17,BR,2022-01-17 13:46:24
358,San Quintin,30.4833,-115.95,58.6,87,0,4.7,MX,2022-01-17 13:46:25
359,Constitucion,-35.3333,-72.4167,60.91,54,5,12.12,CL,2022-01-17 13:46:26
360,Viedma,-40.8135,-62.9967,68.68,24,100,3.47,AR,2022-01-17 13:46:26
361,Koshurnikovo,54.1667,93.3,21.11,97,100,3.04,RU,2022-01-17 13:46:27
362,Tuntum,-5.2581,-44.6489,84.78,70,26,3.2,BR,2022-01-17 13:46:28
363,Souris,49.6172,-100.2612,19.26,95,95,10.22,CA,2022-01-17 13:46:28
364,Zhangye,38.9342,100.4517,30.58,22,0,4.88,CN,2022-01-17 13:46:29
365,Boa Vista,2.8197,-60.6733,82.38,69,75,14.97,BR,2022-01-17 13:46:30
366,Kerrville,30.0474,-99.1403,45.91,68,0,0.0,US,2022-01-17 13:46:30
367,Soyo,-6.1349,12.3689,87.85,66,81,9.26,AO,2022-01-17 13:46:31
368,Karasjok,69.4719,25.5112,23.11,88,90,10.63,NO,2022-01-17 13:46:32
369,Belaya Gora,68.5333,146.4167,-49.09,100,69,4.21,RU,2022-01-17 13:46:32
370,Havre-Saint-Pierre,50.2334,-63.5986,12.79,85,0,9.22,CA,2022-01-17 13:42:23
371,Vitim,59.4511,112.5578,-26.0,99,7,1.05,RU,2022-01-17 13:46:34
372,Lasa,46.6166,10.7002,47.28,85,11,9.53,IT,2022-01-17 13:46:34
373,Harper,4.375,-7.7169,84.45,66,89,8.05,LR,2022-01-17 13:46:35
374,Baillif,16.0202,-61.7463,80.1,61,52,11.79,GP,2022-01-17 13:46:36
375,Husavik,66.0449,-17.3389,46.31,83,100,20.29,IS,2022-01-17 13:46:36
376,Lander,42.833,-108.7307,36.81,68,0,4.61,US,2022-01-17 13:46:37
377,Vila,42.0304,-8.1588,50.32,65,56,2.15,PT,2022-01-17 13:46:38
378,Calabar,4.9517,8.322,87.22,54,96,8.5,NG,2022-01-17 13:46:38
379,Ganzhou,28.8184,115.4327,49.14,80,100,1.9,CN,2022-01-17 13:43:27
380,Pontes E Lacerda,-15.2261,-59.3353,88.34,52,5,6.22,BR,2022-01-17 13:42:52
381,Babakan,-7.282,107.2224,74.05,92,82,1.88,ID,2022-01-17 13:46:40
382,Shimoda,34.6667,138.95,41.11,64,42,31.65,JP,2022-01-17 13:46:40
383,Tahlequah,35.9154,-94.97,27.37,79,0,0.0,US,2022-01-17 13:46:41
384,Omboue,-1.5746,9.2618,82.94,70,73,10.65,GA,2022-01-17 13:46:42
385,Chimbote,-9.0853,-78.5783,72.36,81,98,5.95,PE,2022-01-17 13:44:45
386,Shumikha,55.2261,63.2961,10.24,88,59,12.21,RU,2022-01-17 13:46:43
387,Mount Gambier,-37.8333,140.7667,51.71,82,13,5.75,AU,2022-01-17 13:46:44
388,Tanout,14.9709,8.8879,71.01,11,3,18.23,NE,2022-01-17 13:46:45
389,Waingapu,-9.6567,120.2641,79.93,84,100,7.31,ID,2022-01-17 13:46:45
390,Kayerkan,69.3497,87.7602,14.52,85,100,14.29,RU,2022-01-17 13:46:46
391,Fethiye,36.6217,29.1164,53.47,47,13,3.8,TR,2022-01-17 13:46:47
392,Bay Roberts,47.5999,-53.2648,26.33,75,1,4.0,CA,2022-01-17 13:46:47
393,Tondano,1.3038,124.9112,68.09,91,100,2.62,ID,2022-01-17 13:46:48
394,Yerbogachen,61.2767,108.0108,-8.28,90,100,5.28,RU,2022-01-17 13:46:48
395,Lang Suan,9.9456,99.0785,82.49,84,95,5.44,TH,2022-01-17 13:46:49
396,Hokitika,-42.7167,170.9667,59.81,94,33,3.51,NZ,2022-01-17 13:46:50
397,Sobolevo,54.4299,31.8996,30.58,92,100,18.9,RU,2022-01-17 13:46:51
398,Tautira,-17.7333,-149.15,75.22,82,100,22.21,PF,2022-01-17 13:46:52
399,Gunjur,13.2019,-16.7339,89.67,45,0,6.91,GM,2022-01-17 13:46:53
400,Plouzane,48.3833,-4.6167,50.18,87,75,5.75,FR,2022-01-17 13:46:53
401,Shaping,22.7545,112.9565,61.95,69,69,8.14,CN,2022-01-17 13:46:54
402,Eirunepe,-6.6603,-69.8736,80.87,78,97,2.28,BR,2022-01-17 13:46:55
403,Angoram,-4.0625,144.0661,75.34,98,100,4.0,PG,2022-01-17 13:46:55
404,San Carlos,9.6612,-68.5827,84.81,57,56,2.57,VE,2022-01-17 13:46:56
405,Alugan,12.2188,125.4808,76.73,81,83,13.58,PH,2022-01-17 13:46:57
406,Darnah,32.767,22.6367,56.77,54,0,11.68,LY,2022-01-17 13:46:58
407,Kashan,33.9831,51.4364,62.19,16,20,2.3,IR,2022-01-17 13:46:59
408,Kuito,-12.3833,16.9333,82.54,30,40,5.75,AO,2022-01-17 13:46:59
409,Kahului,20.8947,-156.47,68.85,84,0,4.61,US,2022-01-17 13:47:00
410,Cayenne,4.9333,-52.3333,82.44,77,75,5.01,GF,2022-01-17 13:47:01
411,Sola,-13.8833,167.55,81.1,78,69,12.44,VU,2022-01-17 13:47:01
412,Erzin,36.9559,36.2,52.32,44,0,3.24,TR,2022-01-17 13:47:02
413,Ewo,-0.8725,14.8206,84.38,55,100,6.33,CG,2022-01-17 13:47:03
414,Banff,51.1762,-115.5698,32.38,86,97,9.22,CA,2022-01-17 13:43:04
415,Porto Belo,-27.1578,-48.5531,91.18,74,10,10.11,BR,2022-01-17 13:47:04
416,Birnin Kebbi,12.4539,4.1975,85.28,11,43,15.21,NG,2022-01-17 13:47:05
417,Xuddur,4.1213,43.8894,91.58,25,90,16.46,SO,2022-01-17 13:47:06
418,Baruun-Urt,46.6806,113.2792,-0.4,89,94,3.4,MN,2022-01-17 13:47:06
419,Mumford,5.2618,-0.759,83.52,68,93,13.51,GH,2022-01-17 13:47:07
420,Ewa Beach,21.3156,-158.0072,70.68,84,20,4.61,US,2022-01-17 13:47:08
421,Honiara,-9.4333,159.95,78.4,87,100,3.74,SB,2022-01-17 13:47:09
422,Luderitz,-26.6481,15.1594,74.07,70,16,16.42,NA,2022-01-17 13:47:10
423,Bilma,18.6853,12.9164,68.05,18,0,8.93,NE,2022-01-17 13:47:11
424,Itarema,-2.9248,-39.9167,87.73,57,39,13.67,BR,2022-01-17 13:47:11
425,Biak,-0.9131,122.8766,76.05,84,100,3.89,ID,2022-01-17 13:47:12
426,Muravlenko,63.7898,74.523,14.94,94,100,14.03,RU,2022-01-17 13:47:13
427,Namatanai,-3.6667,152.4333,79.27,81,91,2.26,PG,2022-01-17 13:47:13
428,Bagu,18.4228,121.3583,69.62,85,79,4.52,PH,2022-01-17 13:47:14
429,Tomball,30.0972,-95.6161,38.7,93,0,0.0,US,2022-01-17 13:47:15
430,Zarand,30.8127,56.564,50.7,46,9,20.96,IR,2022-01-17 13:47:15
431,Acapulco,16.8634,-99.8901,73.15,80,6,3.76,MX,2022-01-17 13:45:13
432,Shenjiamen,29.9576,122.298,47.44,68,100,8.28,CN,2022-01-17 13:47:16
433,Kyzyl,51.7,94.45,-2.79,98,95,1.77,RU,2022-01-17 13:47:17
434,Anloga,5.7947,0.8973,89.82,68,47,14.83,GH,2022-01-17 13:47:18
435,Shache,38.4167,77.2406,31.71,39,100,2.86,CN,2022-01-17 13:47:19
436,Malakal,9.5334,31.6605,92.77,14,26,6.44,SS,2022-01-17 13:47:19
437,Marrakesh,31.6315,-8.0083,64.47,29,0,3.44,MA,2022-01-17 13:47:20
438,Pokhara,28.2333,83.9833,52.81,60,62,4.25,NP,2022-01-17 13:47:21
439,Pathein,16.7833,94.7333,71.98,81,3,8.19,MM,2022-01-17 13:47:21
440,Iquique,-20.2208,-70.1431,71.64,70,53,7.7,CL,2022-01-17 13:47:22
441,Kwinana,-32.25,115.7667,75.54,75,1,10.02,AU,2022-01-17 13:47:23
442,Jizan,17.3333,42.6667,83.34,67,38,12.35,SA,2022-01-17 13:47:24
443,Kamenka,51.3223,42.7678,27.75,89,100,19.6,RU,2022-01-17 13:47:24
444,Tutoia,-2.7619,-42.2744,87.78,70,40,10.58,BR,2022-01-17 13:47:25
445,Idil,37.3411,41.8895,40.93,39,40,2.3,TR,2022-01-17 13:47:26
446,Oriximina,-1.7656,-55.8661,86.13,61,58,3.31,BR,2022-01-17 13:47:27
447,Barabai,-2.5833,115.3833,74.1,96,49,0.85,ID,2022-01-17 13:47:28
448,Nizhnevartovsk,60.9344,76.5531,14.02,79,75,26.84,RU,2022-01-17 13:47:28
449,Novoagansk,61.9449,76.6625,14.04,91,100,21.39,RU,2022-01-17 13:47:29
450,Goya,-29.14,-59.2626,101.57,26,53,15.19,AR,2022-01-17 13:47:30
451,Shieli,44.1667,66.75,32.9,63,56,12.68,KZ,2022-01-17 13:47:31
452,Dandong,40.1292,124.3947,14.58,45,0,8.08,CN,2022-01-17 13:47:32
453,Hvolsvollur,63.7533,-20.2243,43.47,84,100,21.36,IS,2022-01-17 13:47:32
454,Gazipur,23.9981,90.423,71.56,60,1,5.75,BD,2022-01-17 13:43:28
455,Vanimo,-2.6741,141.3028,78.35,91,100,10.71,PG,2022-01-17 13:47:33
456,Tiznit,29.5833,-9.5,65.48,20,97,6.73,MA,2022-01-17 13:47:35
457,Port-Gentil,-0.7193,8.7815,85.96,70,20,10.36,GA,2022-01-17 13:47:35
458,Tromso,69.6496,18.957,25.45,80,75,3.0,NO,2022-01-17 13:47:36
459,Ballina,-28.8667,153.5667,73.78,94,82,5.75,AU,2022-01-17 13:47:37
460,Okhotsk,59.3833,143.3,1.33,76,100,10.33,RU,2022-01-17 13:47:37
461,Goderich,43.7501,-81.7165,27.91,80,100,14.97,CA,2022-01-17 13:43:10
462,Polyarnyy,69.1989,33.4478,25.27,75,100,35.79,RU,2022-01-17 13:47:38
463,Yashkino,55.8736,85.4265,23.95,88,100,10.18,RU,2022-01-17 13:47:39
464,Bialogard,54.007,15.9875,38.12,57,0,21.05,PL,2022-01-17 13:47:40
465,Tateyama,34.9833,139.8667,44.62,56,89,18.75,JP,2022-01-17 13:47:40
466,Ayagoz,47.9714,80.4392,31.8,98,100,5.93,KZ,2022-01-17 13:47:41
467,Tungor,53.3808,142.9564,2.8,95,97,17.69,RU,2022-01-17 13:47:42
468,Guangyuan,32.442,105.823,47.64,74,9,2.91,CN,2022-01-17 13:47:43
469,Nadym,65.5333,72.5167,17.82,96,99,8.28,RU,2022-01-17 13:47:43
470,Kenai,60.5544,-151.2583,21.25,93,100,4.61,US,2022-01-17 13:47:44
471,Lakes Entrance,-37.8811,147.981,64.17,81,100,9.1,AU,2022-01-17 13:47:45
472,Baykit,61.67,96.37,1.83,98,100,2.86,RU,2022-01-17 13:47:46
473,Corcoran,36.098,-119.5604,48.29,58,99,3.38,US,2022-01-17 13:47:46
474,Joshimath,30.5667,79.5667,47.57,74,100,3.71,IN,2022-01-17 13:47:47
475,Altamira,-3.2033,-52.2064,84.29,74,75,8.05,BR,2022-01-17 13:47:48
476,Shubarshi,48.5872,57.1869,16.72,97,74,9.44,KZ,2022-01-17 13:47:48
477,Datong,40.0936,113.2914,20.88,27,0,4.65,CN,2022-01-17 13:47:49
478,Lamu,-2.2717,40.902,86.22,72,24,15.12,KE,2022-01-17 13:47:50
479,Xinzhou,38.4092,112.7333,26.24,32,0,0.58,CN,2022-01-17 13:47:51
480,San Carlos Del Zulia,9.0,-71.9135,80.29,70,88,4.38,VE,2022-01-17 13:47:51
481,San Andres,12.5847,-81.7006,78.82,78,40,4.61,CO,2022-01-17 13:47:52
482,Grants,35.1473,-107.8514,32.94,29,38,1.86,US,2022-01-17 13:47:53
483,Businga,3.3333,20.8833,89.78,32,94,2.26,CD,2022-01-17 13:47:54
484,Tuatapere,-46.1333,167.6833,60.82,90,9,3.76,NZ,2022-01-17 13:47:54
485,Lazaro Cardenas,17.9583,-102.2,72.77,83,0,4.32,MX,2022-01-17 13:47:55
486,Amazar,53.858,120.875,-22.22,96,6,3.49,RU,2022-01-17 13:47:55
487,Zhezkazgan,47.8043,67.7144,19.38,86,0,4.47,KZ,2022-01-17 13:47:56
488,Nenjiang,49.1833,125.2167,-19.7,97,17,2.55,CN,2022-01-17 13:47:57
489,Manokwari,-0.8667,134.0833,77.83,82,100,5.77,ID,2022-01-17 13:47:57
490,Xining,36.6167,101.7667,27.46,19,0,2.26,CN,2022-01-17 13:47:58
491,Banjarmasin,-3.3244,114.591,77.14,90,100,3.76,ID,2022-01-17 13:47:59
492,La Ronge,55.1001,-105.2842,-5.55,77,100,6.91,CA,2022-01-17 13:47:59
493,Aykhal,66.0,111.5,-8.59,96,100,15.66,RU,2022-01-17 13:48:01
494,Tual,-5.6667,132.75,82.67,76,100,19.91,ID,2022-01-17 13:48:01
495,Wangou,42.0623,126.9127,-10.46,99,90,2.33,CN,2022-01-17 13:48:02
496,Saint-Georges,12.0564,-61.7485,83.88,61,40,9.22,GD,2022-01-17 13:48:03
497,Fort Nelson,58.8053,-122.7002,-4.41,71,100,8.05,CA,2022-01-17 13:45:19
498,Mweka,-4.85,21.5667,80.69,61,90,6.22,CD,2022-01-17 13:48:04
499,Pangody,65.85,74.4859,18.59,92,100,14.03,RU,2022-01-17 13:48:04
500,Rock Sound,24.9,-76.2,73.89,62,90,21.47,BS,2022-01-17 13:48:05
501,Santiago De Cao,-7.9589,-79.2392,66.33,94,100,6.91,PE,2022-01-17 13:48:06
502,Eydhafushi,5.1033,73.0708,82.53,75,82,18.97,MV,2022-01-17 13:48:06
503,Luwuk,-0.9516,122.7875,77.02,85,100,4.0,ID,2022-01-17 13:48:07
504,Gabu,12.2833,-14.2167,98.64,19,0,4.65,GW,2022-01-17 13:48:08
505,Los Alamos,35.8881,-106.307,31.26,47,0,1.99,US,2022-01-17 13:48:08
506,Shinpokh,34.3292,71.1782,54.81,69,98,2.98,PK,2022-01-17 13:48:09
507,Turayf,31.6725,38.6637,41.25,42,40,11.5,SA,2022-01-17 13:48:10
508,San Patricio,28.017,-97.5169,47.93,32,0,2.91,US,2022-01-17 13:48:11
509,Zurrieq,35.8311,14.4742,57.96,77,75,20.71,MT,2022-01-17 13:48:11
510,Ucluelet,48.9329,-125.5528,46.09,92,100,6.26,CA,2022-01-17 13:48:12
511,Boulder City,35.9786,-114.8325,47.84,45,75,0.0,US,2022-01-17 13:48:13
512,Namibe,-15.1961,12.1522,76.66,58,98,12.84,AO,2022-01-17 13:48:13
513,Rio Brilhante,-21.8019,-54.5464,95.83,29,70,13.29,BR,2022-01-17 13:45:39
514,Severobaykalsk,55.65,109.3167,-4.34,95,50,4.76,RU,2022-01-17 13:48:14
515,Annecy-Le-Vieux,45.9197,6.1439,47.44,61,0,6.91,FR,2022-01-17 13:48:15
516,Luena,-11.7833,19.9167,86.18,54,75,5.75,AO,2022-01-17 13:48:16
517,Portland,45.5234,-122.6762,40.53,93,75,1.01,US,2022-01-17 13:45:19
518,Codrington,-38.2667,141.9667,56.44,67,12,8.08,AU,2022-01-17 13:48:17
519,Puerto Del Rosario,28.5004,-13.8627,64.15,59,82,12.66,ES,2022-01-17 13:48:17
520,Mubende,0.5606,31.39,63.16,96,100,2.44,UG,2022-01-17 13:48:18
521,Cheremshan,54.6667,51.5,16.97,92,100,16.2,RU,2022-01-17 13:48:19
522,Suntar,62.1444,117.6319,-35.03,100,20,3.29,RU,2022-01-17 13:48:20
523,Port Hedland,-20.3167,118.5667,82.45,65,46,12.66,AU,2022-01-17 13:48:21
524,Lufilufi,-13.8745,-171.5986,78.58,76,98,5.14,WS,2022-01-17 13:48:21
525,Sandviken,60.6167,16.7667,34.43,74,2,10.38,SE,2022-01-17 13:48:22
526,Bhainsdehi,21.6467,77.6325,63.64,48,1,4.74,IN,2022-01-17 13:48:23
527,Maralal,1.0968,36.698,67.05,67,100,4.72,KE,2022-01-17 13:48:23
528,Colquechaca,-18.6667,-66.0167,40.66,68,77,2.44,BO,2022-01-17 13:48:24
529,Ixtapa,20.7,-105.2,68.23,94,0,3.44,MX,2022-01-17 13:48:25
530,Vilhena,-12.7406,-60.1458,80.82,69,20,11.5,BR,2022-01-17 13:48:26
531,Kobryn,52.2138,24.3564,33.75,65,7,22.15,BY,2022-01-17 13:48:26
532,New Plymouth,-39.0667,174.0833,58.32,65,1,2.95,NZ,2022-01-17 13:47:57
533,Tura,25.5198,90.2201,59.25,62,6,3.8,IN,2022-01-17 13:48:27
534,Fuerte Olimpo,-21.0415,-57.8738,96.48,31,70,15.37,PY,2022-01-17 13:48:28
535,Lewisporte,49.2499,-55.0482,24.13,68,9,9.26,CA,2022-01-17 13:48:29
536,Umm Lajj,25.0213,37.2685,66.4,48,15,12.01,SA,2022-01-17 13:48:30
537,Flinders,-34.5833,150.8552,77.2,79,100,4.0,AU,2022-01-17 13:48:30
538,Leningradskiy,69.3833,178.4167,-26.01,93,14,4.83,RU,2022-01-17 13:48:31
539,Pahrump,36.2083,-115.9839,47.17,30,100,2.48,US,2022-01-17 13:48:32
540,Taunggyi,20.7833,97.0333,52.38,73,0,1.72,MM,2022-01-17 13:48:33
541,Mariani,26.6667,94.3333,60.06,65,2,3.74,IN,2022-01-17 13:48:33
542,Alofi,-19.0595,-169.9187,76.89,94,40,4.61,NU,2022-01-17 13:48:34
543,Nata,8.3333,-80.5167,80.26,67,0,8.97,PA,2022-01-17 13:48:35
544,Sendafa,9.15,39.0333,63.09,59,76,5.68,ET,2022-01-17 13:48:35
545,Kandrian,-6.2167,149.55,78.22,87,94,6.67,PG,2022-01-17 13:48:36
546,Grand Gaube,-20.0064,57.6608,88.2,75,20,5.01,MU,2022-01-17 13:48:37
547,Aizpute,56.7167,21.6,36.63,65,7,22.41,LV,2022-01-17 13:48:37
548,Arkhara,49.4212,130.0842,-8.3,99,99,6.31,RU,2022-01-17 13:48:39
549,Bakaly,55.1789,53.8028,16.25,89,89,17.27,RU,2022-01-17 13:48:39
550,Lubao,14.9167,120.55,77.14,76,99,3.78,PH,2022-01-17 13:48:40
551,Beira,-19.8436,34.8389,87.89,62,40,15.01,MZ,2022-01-17 13:48:41
552,Vikhorevka,56.1201,101.1636,6.39,99,100,2.08,RU,2022-01-17 13:48:41
553,Concordia,-31.393,-58.0209,96.19,33,75,12.24,AR,2022-01-17 13:48:42
